{
  "$schema": "http://adaptivecards.io/schemas/adaptive-card.json",
  "version": "1.2",
  "type": "AdaptiveCard",
  "body": [
    {
      "type": "TextBlock",
      "text": "You updated your working hours for the current week. You can change this any time by typing 'Change hours'",
      "weight": "bolder",
      "wrap": true
    },
    {
      "type": "TextBlock",
      "text": "Schedule type: ${scheduleType}",
      "wrap": true
    },
    {
      "type": "Container",
      "$data": "${days}",
      "items": [
        {
          "type": "TextBlock",
          "text": "${name}: ${startTime} - ${endTime}",
          "wrap": true
        }
      ]
    }
  ]
}