{
  "type": "AdaptiveCard",
  "$schema": "http://adaptivecards.io/schemas/adaptive-card.json",
  "version": "1.2",
  "body": [
    {
      "id": "text",
      "type": "TextBlock",
      "wrap": true,
      "text": "${Text}"
    },
    {
      "type": "ActionSet",
      "actions": [
        {
          "type": "Action.Submit",
          "title": "Change Hours",
          "id": "updateStatus",
          "data": {
            "msteams": {
              "type": "messageBack",
              "displayText": "Change Hours",
              "text": "Change Hours"
            }
          }
        }
      ]
    }
  ]
}